"150162990250848","3630 S WELLS ST","CHICAGO","IL","60609"
"150162990250849","2957 N HOYNE AVE","CHICAGO","IL","60618"
"150162990250001","5110 N DAMEN AVE","CHICAGO","IL","60625"
"150162990250839","231 N PINE AVE","CHICAGO","IL","60644"
"150162990250840","231 N PINE AVE","CHICAGO","IL","60644"
"150162990250014","2111 W 47Th St","Chicago","IL","60609"
"150162990250003","3939 W 79TH ST","CHICAGO","IL","60652"
"150162990250824","2710 E 89TH ST","CHICAGO","IL","60617"
"150162990250834","4934 S Wabash Ave","Chicago","IL","60615"
"150162990250788","250 E 111TH ST","CHICAGO","IL","60628"
"150162990250006","13100 S DOTY AVE","CHICAGO","IL","60827"
"150162990250820","3400 N AUSTIN AVE","CHICAGO","IL","60634"
"150162990250862","1257 W 111Th St","Chicago","IL","60643"
"150162990250772","3857 W 111TH ST","CHICAGO","IL","60655"
"150162990250851","2714 W AUGUSTA BLVD","CHICAGO","IL","60622"
"150162990250795","3519 S GILES AVE","CHICAGO","IL","60653"
"150162990250850","1301 W 14TH ST","CHICAGO","IL","60608"
"150162990250526","2100 E 87TH ST","CHICAGO","IL","60617"
"150162990250827","5101 W HARRISON ST","CHICAGO","IL","60644"
"150162990250545","1147 N WESTERN AVE","CHICAGO","IL","60622"
"150162990250841","1313 S SACRAMENTO DR","CHICAGO","IL","60623"
"150162990250846","1239 S PULASKI RD","CHICAGO","IL","60623"
"150162990250543","821 E 103RD ST","CHICAGO","IL","60628"
"150162990250052","2245 W JACKSON BLVD","CHICAGO","IL","60612"
"150162990250008","3500 W DOUGLAS BLVD","CHICAGO","IL","60623"
"150162990250617","4959 S ARCHER AVE","CHICAGO","IL","60632"
"150162990250832","3300 N Campbell Ave","CHICAGO","IL","60618"
"150162990250053","3900 N LAWNDALE AVE","CHICAGO","IL","60618"
"150162990250831","543 N WALLER AVE","CHICAGO","IL","60644"
"150162990250531","3000 S KING DR","CHICAGO","IL","60616"
"150162990250798","615 W KEMPER PL","CHICAGO","IL","60614"
"150162990250011","2345 S CHRISTIANA AVE","CHICAGO","IL","60623"
"150162990250012","11220 S WALLACE ST","CHICAGO","IL","60628"
"150162990250013","3235 N LECLAIRE AVE","CHICAGO","IL","60641"
"150162990250015","5630 S ROCKWELL ST","CHICAGO","IL","60629"
"150162990250861","7651 S Homan Ave","Chicago","IL","60652"
"150162990250779","4034 W 56TH ST","CHICAGO","IL","60629"
"150162990250016","9652 S MICHIGAN AVE","CHICAGO","IL","60628"
"150162990250017","6520 S WOOD ST","CHICAGO","IL","60636"
"150162990250019","7740 S INGLESIDE AVE","CHICAGO","IL","60619"
"150162990250799","5515 S LOWE AVE","CHICAGO","IL","60621"
"150162990250020","6200 S HAMLIN AVE","CHICAGO","IL","60629"
"150162990250021","6220 S STONY ISLAND AVE","CHICAGO","IL","60637"
"150162990250837","3120 S KOSTNER AVE","CHICAGO","IL","60623"
"150162990250533","700 S State St","Chicago","IL","60605"
"150162990250767","2150 S LAFLIN ST","CHICAGO","IL","60608"
"150162990250763","10330 S ELIZABETH ST","CHICAGO","IL","60643"
"150162990250022","4136 S CALIFORNIA AVE","CHICAGO","IL","60632"
"150162990250023","4343 W WRIGHTWOOD AVE","CHICAGO","IL","60639"
"150162990250024","6325 W 56TH ST","CHICAGO","IL","60638"
"150162990250025","5015 S BLACKSTONE AVE","CHICAGO","IL","60615"
"150162990250039","4445 S DREXEL BLVD","CHICAGO","IL","60653"
"150162990250026","4015 N ASHLAND AVE","CHICAGO","IL","60613"
"150162990250027","2501 W ADDISON ST","CHICAGO","IL","60618"
"150162990250047","2001 N ORCHARD ST","CHICAGO","IL","60614"
"150162990250833","6130 S WOLCOTT AVE","CHICAGO","IL","60636"
"150162990250616","2935 W POLK ST","CHICAGO","IL","60612"
"150162990250029","3250 W ADAMS ST","CHICAGO","IL","60624"
"150162990250030","5835 N LINCOLN AVE","CHICAGO","IL","60659"
"150162990250031","1744 W PRYOR AVE","CHICAGO","IL","60643"
"150162990250836","3120 S KOSTNER AVE","CHICAGO","IL","60623"
"150162990250825","4338 W WABANSIA AVE","CHICAGO","IL","60639"
"150162990250794","5501 N KEDZIE AVE","CHICAGO","IL","60625"
"150162990250855","1250 W ERIE ST","CHICAGO","IL","60642"
"150162990250847","730 N PULASKI RD","CHICAGO","IL","60624"
"150162990250796","1034 N WELLS ST","CHICAGO","IL","60610"
"150162990250034","244 E PERSHING RD","CHICAGO","IL","60653"
"150162990250803","145 S CAMPBELL AVE","CHICAGO","IL","60612"
"150162990250534","2148 N LONG AVE","CHICAGO","IL","60639"
"150162990250826","3545 W FULTON BLVD","CHICAGO","IL","60624"
"150162990250536","5009 S LAFLIN ST","CHICAGO","IL","60609"
"150162990250828","5900 N GLENWOOD AVE","CHICAGO","IL","60660"
"150162990250766","6835 S NORMAL BLVD","CHICAGO","IL","60621"
"150162990250035","3436 W WILSON AVE","CHICAGO","IL","60625"
"150162990250835","3120 S KOSTNER AVE","CHICAGO","IL","60623"
"150162990250036","3601 N MILWAUKEE AVE","CHICAGO","IL","60641"
"150162990250037","5900 N GLENWOOD AVE","CHICAGO","IL","60660"
"150162990250537","8147 S VINCENNES AVE","CHICAGO","IL","60620"
"150162990250859","5400 S St Louis Ave","Chicago","IL","60632"
"150162990250860","1955 E 75TH ST","CHICAGO","IL","60649"
"150162990250818","2400 S MARSHALL BLVD","CHICAGO","IL","60623"
"150162990250041","3030 N MOBILE AVE","CHICAGO","IL","60634"
"150162990250042","6631 N BOSWORTH AVE","CHICAGO","IL","60626"
"150162990250043","6530 W BRYN MAWR AVE","CHICAGO","IL","60631"
"150162990250843","6201 S STEWART AVE","CHICAGO","IL","60621"
"150162990250044","4747 S UNION AVE","CHICAGO","IL","60609"
"150162990250829","900 W WILSON AVE","CHICAGO","IL","60640"
"150162990250844","231 N PINE AVE","CHICAGO","IL","60644"
"150162990250046","5039 N KIMBALL AVE","CHICAGO","IL","60625"
"150162990250048","3535 E 114TH ST","CHICAGO","IL","60617"
"150162990250049","936 N ASHLAND AVE","CHICAGO","IL","60622"
"150162990250857","3223 W FRANKLIN BLVD","CHICAGO","IL","60624"
"150162990250856","4934 S Wabash Ave","Chicago","IL","60615"
"150162990250830","3120 S KOSTNER AVE","CHICAGO","IL","60623"
"150162990250764","211 S LAFLIN ST","CHICAGO","IL","60607"
"150162990252051","10810 S AVENUE H","CHICAGO","IL","60617"
"150162990252052","2851 N SEMINARY AVE","CHICAGO","IL","60657"
"150162990252850","4929 N SAWYER AVE","CHICAGO","IL","60625"
"150162990252053","2625 N ORCHARD ST","CHICAGO","IL","60614"
"150162990252054","630 E 131ST ST","CHICAGO","IL","60827"
"150162990252895","1119 E 46TH ST","CHICAGO","IL","60653"
"150162990252058","950 W 33RD PL","CHICAGO","IL","60608"
"150162990252059","2110 W GREENLEAF AVE","CHICAGO","IL","60645"
"150162990252922","8300 S SAINT LOUIS AVE","CHICAGO","IL","60652"
"150162990252437","8505 S INGLESIDE AVE","CHICAGO","IL","60619"
"150162990252061","1423 W BRYN MAWR AVE","CHICAGO","IL","60660"
"150162990252062","3500 N HOYNE AVE","CHICAGO","IL","60618"
"150162990252063","8045 S KENWOOD AVE","CHICAGO","IL","60619"
"150162990252966","4707 W MARQUETTE RD","CHICAGO","IL","60629"
"150162990252066","10354 S CHARLES ST","CHICAGO","IL","60643"
"150162990252067","2828 N KILBOURN AVE","CHICAGO","IL","60641"
"150162990252068","7650 S WOLCOTT AVE","CHICAGO","IL","60620"
"150162990252069","1140 W 66TH ST","CHICAGO","IL","60621"
"150162990252070","4220 N RICHMOND ST","CHICAGO","IL","60618"
"150162990252800","5255 S STATE ST","CHICAGO","IL","60609"
"150162990252078","5025 N LARAMIE AVE","CHICAGO","IL","60630"
"150162990252079","25 W 47TH ST","CHICAGO","IL","60609"
"150162990252080","3151 W WALNUT ST","CHICAGO","IL","60612"
"150162990252081","4257 N TRIPP AVE","CHICAGO","IL","60641"
"150162990252082","3730 N OAKLEY AVE","CHICAGO","IL","60618"
"150162990252923","5252 W PALMER ST","CHICAGO","IL","60639"
"150162990252083","10115 S PRAIRIE AVE","CHICAGO","IL","60628"
"150162990252086","9101 S EUCLID AVE","CHICAGO","IL","60617"
"150162990252087","1420 W GRACE ST","CHICAGO","IL","60613"
"150162990252088","7050 S MAY ST","CHICAGO","IL","60621"
"150162990252089","6710 N Washtenaw Ave","Chicago","IL","60645"
"150162990252100","7355 S JEFFERY BLVD","CHICAGO","IL","60649"
"150162990252090","7736 S BURNHAM AVE","CHICAGO","IL","60649"
"150162990252093","4251 N CLARENDON AVE","CHICAGO","IL","60613"
"150162990252094","2723 N FAIRFIELD AVE","CHICAGO","IL","60647"
"150162990252095","3800 N NEW ENGLAND AVE","CHICAGO","IL","60634"
"150162990252096","10740 S CALHOUN AVE","CHICAGO","IL","60617"
"150162990252870","3825 S WASHTENAW AVE","CHICAGO","IL","60632"
"150162990252367","12607 S UNION AVE","CHICAGO","IL","60628"
"150162990252097","54 N HERMITAGE AVE","CHICAGO","IL","60612"
"150162990252098","6741 S MICHIGAN AVE","CHICAGO","IL","60637"
"150162990252110","932 N CENTRAL AVE","CHICAGO","IL","60651"
"150162990252101","2701 W FOSTER AVE","CHICAGO","IL","60625"
"150162990252102","2035 N MOBILE AVE","CHICAGO","IL","60639"
"150162990252103","5356 S KING DR","CHICAGO","IL","60615"
"150162990252104","1630 W BARRY AVE","CHICAGO","IL","60657"
"150162990252105","9928 S CRANDON AVE","CHICAGO","IL","60617"
"150162990252107","650 E 91ST PL","CHICAGO","IL","60619"
"150162990252108","1621 W WABANSIA AVE","CHICAGO","IL","60622"
"150162990252109","3542 S WASHTENAW AVE","CHICAGO","IL","60632"
"150162990252112","5329 S OAK PARK AVE","CHICAGO","IL","60638"
"150162990252113","8546 S CREGIER AVE","CHICAGO","IL","60617"
"150162990252934","3456 W 38Th St","Chicago","IL","60632"
"150162990252118","1234 N MONTICELLO AVE","CHICAGO","IL","60651"
"150162990252963","3000 N MANGO AVE","CHICAGO","IL","60634"
"150162990252119","3740 N PANAMA AVE","CHICAGO","IL","60634"
"150162990252783","2345 S MILLARD AVE","CHICAGO","IL","60623"
"150162990252120","1414 E 61ST PL","CHICAGO","IL","60637"
"150162990252122","2929 W 83RD ST","CHICAGO","IL","60652"
"150162990252876","5516 S MAPLEWOOD AVE","CHICAGO","IL","60629"
"150162990252123","5740 S MICHIGAN AVE","CHICAGO","IL","60637"
"150162990252372","901 E 133RD PL","CHICAGO","IL","60827"
"150162990252862","3501 W POTOMAC AVE","CHICAGO","IL","60651"
"150162990252126","11314 S SPAULDING AVE","CHICAGO","IL","60655"
"150162990252106","2524 S CENTRAL PARK AVE","CHICAGO","IL","60623"
"150162990252127","2908 W WASHINGTON BLVD","CHICAGO","IL","60612"
"150162990252128","2745 W ROOSEVELT RD","CHICAGO","IL","60608"
"150162990252129","2135 W FOSTER AVE","CHICAGO","IL","60625"
"150162990252130","2021 N POINT ST","CHICAGO","IL","60647"
"150162990252886","4747 S MARSHFIELD AVE","CHICAGO","IL","60609"
"150162990252920","3400 N AUSTIN AVE","CHICAGO","IL","60634"
"150162990252155","2450 W RICE ST","CHICAGO","IL","60622"
"150162990252904","5042 S ARTESIAN AVE","CHICAGO","IL","60632"
"150162990252936","2300 W 64TH ST","CHICAGO","IL","60636"
"150162990252700","1045 S MONITOR AVE","CHICAGO","IL","60644"
"150162990252132","13231 S BURLEY AVE","CHICAGO","IL","60633"
"150162990252133","3121 W BYRON ST","CHICAGO","IL","60618"
"150162990252134","6110 N FAIRFIELD AVE","CHICAGO","IL","60659"
"150162990252135","2350 W 110TH PL","CHICAGO","IL","60643"
"150162990252918","1441 W 119TH ST","CHICAGO","IL","60643"
"150162990252136","8441 S YATES BLVD","CHICAGO","IL","60617"
"150162990252919","4520 S KEDZIE AVE","CHICAGO","IL","60632"
"150162990252138","1003 N LEAVITT ST","CHICAGO","IL","60622"
"150162990252139","8150 S BISHOP ST","CHICAGO","IL","60620"
"150162990252141","4046 N LEAVITT ST","CHICAGO","IL","60618"
"150162990252142","1624 W 19TH ST","CHICAGO","IL","60608"
"150162990252145","2510 S KILDARE AVE","CHICAGO","IL","60623"
"150162990252921","4420 N BEACON ST","CHICAGO","IL","60640"
"150162990252147","2128 S SAINT LOUIS AVE","CHICAGO","IL","60623"
"150162990252617","8324 S RACINE AVE","CHICAGO","IL","60620"
"150162990252637","10650 S EBERHART AVE","CHICAGO","IL","60628"
"150162990252799","32 E 115TH ST","CHICAGO","IL","60628"
"150162990252837","5024 S WOLCOTT AVE","CHICAGO","IL","60609"
"150162990252148","3116 W BELDEN AVE","CHICAGO","IL","60647"
"150162990252954","6740 S PAULINA ST","CHICAGO","IL","60636"
"150162990252149","3014 W 39TH PL","CHICAGO","IL","60632"
"150162990252150","3810 W 81ST PL","CHICAGO","IL","60652"
"150162990252825","1313 N CLAREMONT AVE","CHICAGO","IL","60622"
"150162990252805","7030 N SACRAMENTO AVE","CHICAGO","IL","60645"
"150162990252153","7240 S WABASH AVE","CHICAGO","IL","60619"
"150162990252605","139 S PARKSIDE AVE","CHICAGO","IL","60644"
"150162990252154","2131 W MONROE ST","CHICAGO","IL","60612"
"150162990252158","3436 N OSCEOLA AVE","CHICAGO","IL","60634"
"150162990252159","5415 S UNION AVE","CHICAGO","IL","60609"
"150162990252603","8601 W FOSTER AVE","CHICAGO","IL","60656"
"150162990252160","4140 N MARINE DR","CHICAGO","IL","60613"
"150162990252949","3815 N KEDVALE AVE","CHICAGO","IL","60641"
"150162990252161","8306 S SAINT LAWRENCE AVE","CHICAGO","IL","60619"
"150162990252927","431 N TROY ST","CHICAGO","IL","60612"
"150162990252937","535 E 35TH ST","CHICAGO","IL","60616"
"150162990252167","6108 S NATOMA AVE","CHICAGO","IL","60638"
"150162990252169","2710 S DEARBORN ST","CHICAGO","IL","60616"
"150162990252172","1845 W CORTLAND ST","CHICAGO","IL","60622"
"150162990252173","330 E 133RD ST","CHICAGO","IL","60827"
"150162990252175","6311 S CALUMET AVE","CHICAGO","IL","60637"
"150162990252177","10845 S UNION AVE","CHICAGO","IL","60628"
"150162990252933","8445 S KOLIN AVE","CHICAGO","IL","60652"
"150162990252179","3615 W 16TH ST","CHICAGO","IL","60623"
"150162990252743","1710 E 93RD ST","CHICAGO","IL","60617"
"150162990252180","2040 W 62ND ST","CHICAGO","IL","60636"
"150162990252181","3400 W 65TH PL","CHICAGO","IL","60629"
"150162990252182","7350 W PRATT AVE","CHICAGO","IL","60631"
"150162990252183","6525 N HIAWATHA AVE","CHICAGO","IL","60646"
"150162990252184","4929 N SAWYER AVE","CHICAGO","IL","60625"
"150162990252953","6220 N OLCOTT AVE","CHICAGO","IL","60631"
"150162990252185","4815 S KARLOV AVE","CHICAGO","IL","60632"
"150162990252187","243 N PARKSIDE AVE","CHICAGO","IL","60644"
"150162990252190","3600 W 5TH AVE","CHICAGO","IL","60624"
"150162990252191","1865 W MONTVALE AVE","CHICAGO","IL","60643"
"150162990252192","3419 S BELL AVE","CHICAGO","IL","60608"
"150162990252873","3537 S PAULINA ST","CHICAGO","IL","60609"
"150162990252193","9811 S LOWE AVE","CHICAGO","IL","60628"
"150162990252913","6201 S FAIRFIELD AVE","CHICAGO","IL","60629"
"150162990252194","3020 N LAMON AVE","CHICAGO","IL","60641"
"150162990252195","3250 W MONROE ST","CHICAGO","IL","60624"
"150162990252198","5414 N LINDER AVE","CHICAGO","IL","60630"
"150162990252202","10041 S UNION AVE","CHICAGO","IL","60628"
"150162990252203","7019 N ASHLAND BLVD","CHICAGO","IL","60626"
"150162990252893","2332 S WESTERN AVE","CHICAGO","IL","60608"
"150162990252204","6020 S LANGLEY AVE","CHICAGO","IL","60637"
"150162990252206","9025 S THROOP ST","CHICAGO","IL","60620"
"150162990252618","8530 S WOOD ST","CHICAGO","IL","60620"
"150162990252207","225 W EVERGREEN AVE","CHICAGO","IL","60610"
"150162990252945","4027 W GRENSHAW ST","CHICAGO","IL","60624"
"150162990252209","4214 S SAINT LAWRENCE AVE","CHICAGO","IL","60653"
"150162990252210","5300 S HERMITAGE AVE","CHICAGO","IL","60609"
"150162990252211","2010 N CENTRAL PARK AVE","CHICAGO","IL","60647"
"150162990252212","1631 W JONQUIL TER","CHICAGO","IL","60626"
"150162990252878","820 S CARPENTER ST","CHICAGO","IL","60607"
"150162990252213","10347 S EWING AVE","CHICAGO","IL","60617"
"150162990252964","3231 N SPRINGFIELD AVE","CHICAGO","IL","60618"
"150162990252773","10309 S MORGAN ST","CHICAGO","IL","60643"
"150162990252214","5225 N OAK PARK AVE","CHICAGO","IL","60656"
"150162990252215","3740 W 31ST ST","CHICAGO","IL","60623"
"150162990252236","9301 S STATE ST","CHICAGO","IL","60619"
"150162990252220","2236 N ROCKWELL ST","CHICAGO","IL","60647"
"150162990252223","5120 N WINTHROP AVE","CHICAGO","IL","60640"
"150162990252224","4436 S UNION AVE","CHICAGO","IL","60609"
"150162990252226","3730 N LARAMIE AVE","CHICAGO","IL","60641"
"150162990252227","832 W SHERIDAN RD","CHICAGO","IL","60613"
"150162990252048","1150 W 96TH ST","CHICAGO","IL","60643"
"150162990252229","3525 S HONORE ST","CHICAGO","IL","60609"
"150162990252230","3715 W POLK ST","CHICAGO","IL","60624"
"150162990252231","8524 S GREEN ST","CHICAGO","IL","60620"
"150162990252232","5450 W 64TH PL","CHICAGO","IL","60638"
"150162990252622","12810 S ESCANABA AVE","CHICAGO","IL","60633"
"150162990252811","4420 S SACRAMENTO AVE","CHICAGO","IL","60632"
"150162990252235","247 W 23RD PL","CHICAGO","IL","60616"
"150162990252239","6140 S MELVINA AVE","CHICAGO","IL","60638"
"150162990252092","11411 S EGGLESTON AVE","CHICAGO","IL","60628"
"150162990252240","1650 W CORNELIA AVE","CHICAGO","IL","60657"
"150162990252241","4747 S BISHOP ST","CHICAGO","IL","60609"
"150162990252242","2819 W 21ST PL","CHICAGO","IL","60623"
"150162990252916","3434 W 77TH ST","CHICAGO","IL","60652"
"150162990252726","5411 W FULLERTON AVE","CHICAGO","IL","60639"
"150162990252244","1556 E 56TH ST","CHICAGO","IL","60637"
"150162990252246","7525 S HARVARD AVE","CHICAGO","IL","60620"
"150162990252247","4540 N HAMLIN AVE","CHICAGO","IL","60625"
"150162990252249","3319 N CLIFTON AVE","CHICAGO","IL","60657"
"150162990252636","1018 N LARAMIE AVE","CHICAGO","IL","60651"
"150162990252252","1518 W GRANVILLE AVE","CHICAGO","IL","60660"
"150162990252254","3010 S PARNELL AVE","CHICAGO","IL","60616"
"150162990252255","4640 S LAMON AVE","CHICAGO","IL","60638"
"150162990252256","4747 S WINCHESTER AVE","CHICAGO","IL","60609"
"150162990252257","4409 W WILCOX ST","CHICAGO","IL","60624"
"150162990252258","5650 S WOLCOTT AVE","CHICAGO","IL","60636"
"150162990252259","4316 S PRINCETON AVE","CHICAGO","IL","60609"
"150162990252260","4250 N SAINT LOUIS AVE","CHICAGO","IL","60618"
"150162990252597","3510 W 55TH ST","CHICAGO","IL","60632"
"150162990252263","3711 W DOUGLAS BLVD","CHICAGO","IL","60623"
"150162990252265","3244 W AINSLIE ST","CHICAGO","IL","60625"
"150162990252266","11710 S MORGAN ST","CHICAGO","IL","60643"
"150162990252268","5625 N MCVICKER AVE","CHICAGO","IL","60646"
"150162990252269","1104 W 31ST ST","CHICAGO","IL","60608"
"150162990252270","955 W GARFIELD BLVD","CHICAGO","IL","60621"
"150162990252961","1628 W WASHINGTON BLVD","CHICAGO","IL","60612"
"150162990252273","720 N LOREL AVE","CHICAGO","IL","60644"
"150162990252275","8905 S CRANDON AVE","CHICAGO","IL","60617"
"150162990252276","4247 W 15TH ST","CHICAGO","IL","60623"
"150162990252620","240 W 104TH ST","CHICAGO","IL","60628"
"150162990252280","3849 W 69TH PL","CHICAGO","IL","60629"
"150162990252358","851 W WAVELAND AVE","CHICAGO","IL","60613"
"150162990252281","749 S OAKLEY BLVD","CHICAGO","IL","60612"
"150162990252283","1340 W HARRISON ST","CHICAGO","IL","60607"
"150162990252046","917 W 88TH ST","CHICAGO","IL","60620"
"150162990252284","3149 N WOLCOTT AVE","CHICAGO","IL","60657"
"150162990252285","5650 N MOZART ST","CHICAGO","IL","60659"
"150162990252287","1119 N CLEVELAND AVE","CHICAGO","IL","60610"
"150162990252288","3030 W HARRISON ST","CHICAGO","IL","60612"
"150162990252290","1420 S ALBANY AVE","CHICAGO","IL","60623"
"150162990252775","7931 S HONORE ST","CHICAGO","IL","60620"
"150162990252889","7414 N WOLCOTT AVE","CHICAGO","IL","60626"
"150162990252292","1746 S MILLER ST","CHICAGO","IL","60608"
"150162990252806","2233 S KEDZIE AVE","CHICAGO","IL","60623"
"150162990252739","3020 W 108TH ST","CHICAGO","IL","60655"
"150162990252892","3030 W ARTHINGTON ST","CHICAGO","IL","60612"
"150162990252293","9241 S LEAVITT ST","CHICAGO","IL","60643"
"150162990252294","6450 S LOWE AVE","CHICAGO","IL","60621"
"150162990252296","6700 N GREENVIEW AVE","CHICAGO","IL","60626"
"150162990252267","644 W 71ST ST","CHICAGO","IL","60621"
"150162990252299","5625 S MOBILE AVE","CHICAGO","IL","60638"
"150162990252300","9351 S LOWE AVE","CHICAGO","IL","60620"
"150162990252304","936 E 54TH ST","CHICAGO","IL","60615"
"150162990252704","6010 S THROOP ST","CHICAGO","IL","60636"
"150162990252900","4619 S WOLCOTT AVE","CHICAGO","IL","60609"
"150162990252306","1734 N ORLEANS ST","CHICAGO","IL","60614"
"150162990252955","1148 N HONORE ST","CHICAGO","IL","60622"
"150162990252492","138 W 109TH ST","CHICAGO","IL","60628"
"150162990252309","3500 W DOUGLAS BLVD","CHICAGO","IL","60623"
"150162990252703","6448 S TRIPP AVE","CHICAGO","IL","60629"
"150162990252714","512 S LAVERGNE AVE","CHICAGO","IL","60644"
"150162990252856","8101 S LA SALLE ST","CHICAGO","IL","60620"
"150162990252311","1431 N LEAMINGTON AVE","CHICAGO","IL","60651"
"150162990252313","5300 S LOOMIS BLVD","CHICAGO","IL","60609"
"150162990252314","615 W KEMPER PL","CHICAGO","IL","60614"
"150162990252315","3221 N SACRAMENTO AVE","CHICAGO","IL","60618"
"150162990252896","2620 S LAWNDALE AVE","CHICAGO","IL","60623"
"150162990252316","2103 N LAMON AVE","CHICAGO","IL","60639"
"150162990252317","2828 N OAK PARK AVE","CHICAGO","IL","60634"
"150162990252881","3212 W GEORGE ST","CHICAGO","IL","60618"
"150162990252319","6333 W BLOOMINGDALE AVE","CHICAGO","IL","60639"
"150162990252321","3320 W HIRSCH ST","CHICAGO","IL","60651"
"150162990252303","1501 N GREENVIEW AVE","CHICAGO","IL","60642"
"150162990252323","2941 N MCVICKER AVE","CHICAGO","IL","60634"
"150162990252838","3202 W 28TH ST","CHICAGO","IL","60623"
"150162990252324","7433 S DORCHESTER AVE","CHICAGO","IL","60619"
"150162990252326","1420 N HUDSON AVE","CHICAGO","IL","60610"
"150162990252328","8050 S CHAPPEL AVE","CHICAGO","IL","60617"
"150162990252912","1920 N HAMLIN AVE","CHICAGO","IL","60647"
"150162990252330","6550 S RICHMOND ST","CHICAGO","IL","60629"
"150162990252331","9822 S EXCHANGE AVE","CHICAGO","IL","60617"
"150162990252882","3900 N LAWNDALE AVE","CHICAGO","IL","60618"
"150162990252334","4217 W 18TH ST","CHICAGO","IL","60623"
"150162990252337","2250 N CLIFTON AVE","CHICAGO","IL","60614"
"150162990252802","6656 S NORMAL BLVD","CHICAGO","IL","60621"
"150162990252877","1841 N SPRINGFIELD AVE","CHICAGO","IL","60647"
"150162990252339","3527 S WALLACE ST","CHICAGO","IL","60609"
"150162990252341","2712 S SAWYER AVE","CHICAGO","IL","60623"
"150162990252344","4865 N SHERIDAN RD","CHICAGO","IL","60640"
"150162990252345","8801 S INDIANA AVE","CHICAGO","IL","60619"
"150162990252737","1419 E 89TH ST","CHICAGO","IL","60619"
"150162990252346","6901 S FAIRFIELD AVE","CHICAGO","IL","60629"
"150162990252634","4820 W WALTON ST","CHICAGO","IL","60651"
"150162990252349","4728 N WOLCOTT AVE","CHICAGO","IL","60640"
"150162990252352","3937 W WILCOX ST","CHICAGO","IL","60624"
"150162990252804","12339 S NORMAL AVE","CHICAGO","IL","60628"
"150162990252452","9000 S EXCHANGE AVE","CHICAGO","IL","60617"
"150162990252353","2233 W OHIO ST","CHICAGO","IL","60612"
"150162990252354","4415 S Dr Martin L King Jr Dr","Chicago","IL","60653"
"150162990252355","3651 W SCHUBERT AVE","CHICAGO","IL","60647"
"150162990252356","1711 N CALIFORNIA AVE","CHICAGO","IL","60647"
"150162990252357","6011 S ROCKWELL ST","CHICAGO","IL","60629"
"150162990252844","431 N TROY ST","CHICAGO","IL","60612"
"150162990252361","10841 S HOMAN AVE","CHICAGO","IL","60655"
"150162990252362","10540 S MORGAN ST","CHICAGO","IL","60643"
"150162990252363","2200 N HAMLIN AVE","CHICAGO","IL","60647"
"150162990252365","3539 W GRACE ST","CHICAGO","IL","60618"
"150162990252366","5335 S KENWOOD AVE","CHICAGO","IL","60615"
"150162990252368","4837 W ERIE ST","CHICAGO","IL","60644"
"150162990252924","55 W CERMAK RD","CHICAGO","IL","60616"
"150162990252369","8555 S MICHIGAN AVE","CHICAGO","IL","60619"
"150162990252370","3252 N BROADWAY ST","CHICAGO","IL","60657"
"150162990252930","1707 W MORSE AVE","CHICAGO","IL","60626"
"150162990252371","700 W WILLOW ST","CHICAGO","IL","60614"
"150162990252072","6006 S PEORIA ST","CHICAGO","IL","60621"
"150162990252373","5250 S ROCKWELL ST","CHICAGO","IL","60632"
"150162990252823","8344 S COMMERCIAL AVE","CHICAGO","IL","60617"
"150162990252374","2121 N KEELER AVE","CHICAGO","IL","60639"
"150162990252375","4127 W HIRSCH ST","CHICAGO","IL","60651"
"150162990252935","4416 N TROY ST","CHICAGO","IL","60625"
"150162990252915","5252 W PALMER ST","CHICAGO","IL","60639"
"150162990252376","5900 N NINA AVE","CHICAGO","IL","60631"
"150162990252380","24 W Walton St","Chicago","IL","60610"
"150162990252381","7646 S GREEN ST","CHICAGO","IL","60620"
"150162990252382","6940 S MERRILL AVE","CHICAGO","IL","60649"
"150162990252383","6634 W RAVEN ST","CHICAGO","IL","60631"
"150162990252384","5424 N OKETO AVE","CHICAGO","IL","60656"
"150162990252842","1940 W 18TH ST","CHICAGO","IL","60608"
"150162990252898","3000 S LAWNDALE AVE","CHICAGO","IL","60623"
"150162990252386","525 N ARMOUR ST","CHICAGO","IL","60642"
"150162990252387","6550 S SEELEY AVE","CHICAGO","IL","60636"
"150162990252389","8247 S CHRISTIANA AVE","CHICAGO","IL","60652"
"150162990252222","12302 S STATE ST","CHICAGO","IL","60628"
"150162990252391","5051 N KENNETH AVE","CHICAGO","IL","60630"
"150162990252394","7037 S RHODES AVE","CHICAGO","IL","60637"
"150162990252392","6800 S STEWART AVE","CHICAGO","IL","60621"
"150162990252395","6938 S EAST END AVE","CHICAGO","IL","60649"
"150162990252396","5825 S KOSTNER AVE","CHICAGO","IL","60629"
"150162990252398","3826 W 58TH ST","CHICAGO","IL","60629"
"150162990252399","1423 W BRYN MAWR AVE","CHICAGO","IL","60660"
"150162990252400","1616 S AVERS AVE","CHICAGO","IL","60623"
"150162990252864","1241 W 19TH ST","CHICAGO","IL","60608"
"150162990252402","3200 S CALUMET AVE","CHICAGO","IL","60616"
"150162990252403","5510 N CHRISTIANA AVE","CHICAGO","IL","60625"
"150162990252385","1040 N KEELER AVE","CHICAGO","IL","60651"
"150162990252404","2301 W 21ST PL","CHICAGO","IL","60608"
"150162990252289","1420 W 17TH ST","CHICAGO","IL","60608"
"150162990252405","650 E 85TH ST","CHICAGO","IL","60619"
"150162990252406","2642 W 15TH PL","CHICAGO","IL","60608"
"150162990252951","5545 W HARRISON ST","CHICAGO","IL","60644"
"150162990252809","10538 S LANGLEY AVE","CHICAGO","IL","60628"
"150162990252409","5330 W BERTEAU AVE","CHICAGO","IL","60641"
"150162990252785","7511 S South Shore Dr","Chicago","IL","60649"
"150162990252410","1632 W WRIGHTWOOD AVE","CHICAGO","IL","60614"
"150162990252958","2231 N CENTRAL AVE","CHICAGO","IL","60639"
"150162990252510","2009 W SCHILLER ST","CHICAGO","IL","60622"
"150162990252412","4650 N MENARD AVE","CHICAGO","IL","60630"
"150162990252413","2230 W MCLEAN AVE","CHICAGO","IL","60647"
"150162990252414","11311 S FORRESTVILLE AVE","CHICAGO","IL","60628"
"150162990252807","7316 S HOYNE AVE","CHICAGO","IL","60636"
"150162990252416","4332 N PAULINA ST","CHICAGO","IL","60613"
"150162990252417","5631 S KIMBARK AVE","CHICAGO","IL","60637"
"150162990252419","834 E 50TH ST","CHICAGO","IL","60615"
"150162990252421","3650 W SCHOOL ST","CHICAGO","IL","60618"
"150162990252422","3425 N MAJOR AVE","CHICAGO","IL","60634"
"150162990252423","1010 E 72ND ST","CHICAGO","IL","60619"
"150162990252724","4225 S LAKE PARK AVE","CHICAGO","IL","60653"
"150162990252426","7345 N WASHTENAW AVE","CHICAGO","IL","60645"
"150162990252428","7831 S PRAIRIE AVE","CHICAGO","IL","60619"
"150162990252867","2410 S LEAVITT ST","CHICAGO","IL","60608"
"150162990252429","8716 S WALLACE ST","CHICAGO","IL","60620"
"150162990252828","2216 W HIRSCH ST","CHICAGO","IL","60622"
"150162990252706","160 W WENDELL ST","CHICAGO","IL","60610"
"150162990252914","5534 S SAINT LOUIS AVE","CHICAGO","IL","60629"
"150162990252829","2850 W 24TH BLVD","CHICAGO","IL","60623"
"150162990252434","6040 N KILPATRICK AVE","CHICAGO","IL","60646"
"150162990252435","5248 S SAWYER AVE","CHICAGO","IL","60632"
"150162990252436","1850 N NEWLAND AVE","CHICAGO","IL","60707"
"150162990252438","4201 W HENDERSON ST","CHICAGO","IL","60641"
"150162990252442","9755 S GREENWOOD AVE","CHICAGO","IL","60628"
"150162990252444","2727 N LONG AVE","CHICAGO","IL","60639"
"150162990252446","4600 S HERMITAGE AVE","CHICAGO","IL","60609"
"150162990252451","533 W 27TH ST","CHICAGO","IL","60616"
"150162990252453","1000 W 52ND ST","CHICAGO","IL","60609"
"150162990252454","245 W 57TH ST","CHICAGO","IL","60621"
"150162990252455","4250 S ROCKWELL ST","CHICAGO","IL","60632"
"150162990252968","2611 W 48TH ST","CHICAGO","IL","60632"
"150162990252456","1330 E 50TH ST","CHICAGO","IL","60615"
"150162990252457","11140 S BISHOP ST","CHICAGO","IL","60643"
"150162990252458","111 S THROOP ST","CHICAGO","IL","60607"
"150162990252959","640 W SCOTT ST","CHICAGO","IL","60610"
"150162990252768","744 E 103RD ST","CHICAGO","IL","60628"
"150162990252459","4310 N MELVINA AVE","CHICAGO","IL","60634"
"150162990252460","1059 W 13TH ST","CHICAGO","IL","60608"
"150162990252461","6206 N HAMLIN AVE","CHICAGO","IL","60659"
"150162990252855","1212 S PLYMOUTH CT","CHICAGO","IL","60605"
"150162990252960","1415 E 70TH ST","CHICAGO","IL","60637"
"150162990252462","214 N LAVERGNE AVE","CHICAGO","IL","60644"
"150162990252469","2400 S MARSHALL BLVD","CHICAGO","IL","60623"
"150162990252464","7424 S MORGAN ST","CHICAGO","IL","60621"
"150162990252967","1522 W FILLMORE ST","CHICAGO","IL","60607"
"150162990252465","8010 S KOSTNER AVE","CHICAGO","IL","60652"
"150162990252468","6239 N LEAVITT ST","CHICAGO","IL","60659"
"150162990252472","3444 W WABANSIA AVE","CHICAGO","IL","60647"
"150162990252941","2022 W WASHINGTON BLVD","CHICAGO","IL","60612"
"150162990252474","8331 S MACKINAW AVE","CHICAGO","IL","60617"
"150162990252475","4320 W 5TH AVE","CHICAGO","IL","60624"
"150162990252476","10015 S LEAVITT ST","CHICAGO","IL","60643"
"150162990252477","5900 N WINTHROP AVE","CHICAGO","IL","60660"
"150162990252478","1840 W OHIO ST","CHICAGO","IL","60622"
"150162990252926","5450 S TALMAN AVE","CHICAGO","IL","60632"
"150162990252479","7350 S EVANS AVE","CHICAGO","IL","60619"
"150162990252943","3330 W 71ST ST","CHICAGO","IL","60629"
"150162990252480","9912 S AVENUE H","CHICAGO","IL","60617"
"150162990252901","2832 W 24TH BLVD","CHICAGO","IL","60623"
"150162990252484","8914 S BUFFALO AVE","CHICAGO","IL","60617"
"150162990252486","6024 W WARWICK AVE","CHICAGO","IL","60634"
"150162990252766","6543 S CHAMPLAIN AVE","CHICAGO","IL","60637"
"150162990252487","223 N KEELER AVE","CHICAGO","IL","60624"
"150162990252488","5815 S HOMAN AVE","CHICAGO","IL","60629"
"150162990252826","9300 S PRINCETON AVE","CHICAGO","IL","60620"
"150162990252490","5134 S LOTUS AVE","CHICAGO","IL","60638"
"150162990252491","9510 S PROSPECT AVE","CHICAGO","IL","60643"
"150162990252494","4950 N AVERS AVE","CHICAGO","IL","60625"
"150162990252497","9746 S MORGAN ST","CHICAGO","IL","60643"
"150162990252498","6650 S ELLIS AVE","CHICAGO","IL","60637"
"150162990252500","2015 S PEORIA ST","CHICAGO","IL","60608"
"150162990252501","2701 S Shields Ave","Chicago","IL","60616"
"150162990252767","646 N LAWNDALE AVE","CHICAGO","IL","60624"
"150162990252502","9239 S JEFFERY AVE","CHICAGO","IL","60617"
"150162990252503","3611 E 114TH ST","CHICAGO","IL","60617"
"150162990252401","9130 S UNIVERSITY AVE","CHICAGO","IL","60619"
"150162990252504","4540 N CAMPBELL AVE","CHICAGO","IL","60625"
"150162990252505","4055 W ARTHINGTON ST","CHICAGO","IL","60624"
"150162990252902","249 E 37Th St","Chicago","IL","60653"
"150162990252506","1340 W 71ST ST","CHICAGO","IL","60636"
"150162990252908","1425 N TRIPP AVE","CHICAGO","IL","60651"
"150162990252965","6700 N WHIPPLE ST","CHICAGO","IL","60645"
"150162990252507","409 W 80TH ST","CHICAGO","IL","60620"
"150162990252512","11533 S ADA ST","CHICAGO","IL","60643"
"150162990252729","1136 W 122ND ST","CHICAGO","IL","60643"
"150162990252513","2815 S KOMENSKY AVE","CHICAGO","IL","60623"
"150162990252514","1900 W 23RD ST","CHICAGO","IL","60608"
"150162990252516","6950 N HIAWATHA AVE","CHICAGO","IL","60646"
"150162990252903","6657 S KIMBARK AVE","CHICAGO","IL","60637"
"150162990252521","4414 S EVANS AVE","CHICAGO","IL","60653"
"150162990252542","1839 N RICHMOND ST","CHICAGO","IL","60647"
"150162990252525","1434 N PARKSIDE AVE","CHICAGO","IL","60651"
"150162990252897","2728 S KOSTNER AVE","CHICAGO","IL","60623"
"15016299025229C","4647 W 47TH ST","CHICAGO","IL","60632"
"15016299025009C","5410 S STATE ST","CHICAGO","IL","60609"
"15016299025214C","1643 W BRYN MAWR AVE","CHICAGO","IL","60660"
"15016299025008C","1711 N CALIFORNIA AVE","CHICAGO","IL","60647"
"15016299025232C","6727 S CALIFORNIA AVE","CHICAGO","IL","60629"
"15016299025228C","5608 W WASHINGTON BLVD","CHICAGO","IL","60644"
"15016299025236C","11816 S INDIANA AVE","CHICAGO","IL","60628"
"15016299025201C","11 E ADAMS ST STE 600","CHICAGO","IL","60603"
"15016299025217C","7212 N CLARK ST","CHICAGO","IL","60626"
"15016299025225C","38 S PEORIA ST","CHICAGO","IL","60607"
"15016299025235C","5235 W Belden St","Chicago","IL","60639"
"15016299025015C","8255 S HOUSTON AVE","CHICAGO","IL","60617"
"15016299025219C","1405 N WASHTENAW AVE","CHICAGO","IL","60622"
"15016299025242C","1233 W 109TH PL","CHICAGO","IL","60643"
"15016299025238C","3711 W DOUGLAS BLVD","CHICAGO","IL","60623"
"15016299025220C","3814 W IOWA ST","CHICAGO","IL","60651"
"15016299025241C","8401 S SAGINAW AVE","CHICAGO","IL","60617"
"15016299025240C","5401 S Western Blvd","Chicago","IL","60609"
"15016299025012C","2520 S WESTERN AVE","CHICAGO","IL","60608"
"15016299025020C","2570 S BLUE ISLAND AVE","CHICAGO","IL","60608"
"15016299025022C","4540 W Belmont Ave","Chicago","IL","60641"
"15016299025234C","4818 W Ohio St","Chicago","IL","60644"
"15016299025208C","1132 S HOMAN AVE","CHICAGO","IL","60624"
"15016299025221C","4217 W 18TH ST","CHICAGO","IL","60623"
"15016299025019C","4319 W WASHINGTON BLVD","CHICAGO","IL","60624"
"15016299025206C","3141 W JACKSON BLVD","CHICAGO","IL","60612"
"15016299025233C","6550 S SEELEY AVE","CHICAGO","IL","60636"
"15016299025218C","3737 S PAULINA ST","CHICAGO","IL","60609"
"15016299025231C","314 W 108TH ST","CHICAGO","IL","60628"
"15016299025006C","1 N State St Fl 7Th","Chicago","IL","60602"
"15016299025005C","1313 S SACRAMENTO DR","CHICAGO","IL","60623"
"15016299025003C","1930 S ARCHER AVE","CHICAGO","IL","60616"
"15016299025226C","620 N SAWYER AVE","CHICAGO","IL","60624"
"15016299025017C","1551 W 95TH ST","CHICAGO","IL","60643"
"15016299025224C","6515 S ASHLAND AVE","CHICAGO","IL","60636"
"15016299025230C","1424 N CLEAVER ST","CHICAGO","IL","60642"
"15016299025204C","1313 E 60TH ST","CHICAGO","IL","60637"
"15016299025205C","954 W Washington Blvd Fl 3","Chicago","IL","60607"
"15016299025013C","521 E 35Th St","Chicago","IL","60616"
"15016299025010C","6201 S STEWART AVE","CHICAGO","IL","60621"
"15016299025016C","1326 W 14TH PL","CHICAGO","IL","60608"
"15016299025007C","2641 S CALUMET AVE","CHICAGO","IL","60616"
"15016299025004C","10 W 35TH ST","CHICAGO","IL","60616"
"150162990253793","5035 W NORTH AVE","CHICAGO","IL","60639"
"150162990253760","6445 W STRONG ST","CHICAGO","IL","60656"
"150162990253761","6751 W 63RD PL","CHICAGO","IL","60638"
"150162990253777","7877 S Coles Ave","Chicago","IL","60649"
"150162990253796","7141 S MORGAN ST","CHICAGO","IL","60621"
"150162990253805","6145 S INGLESIDE AVE","CHICAGO","IL","60637"
"150162990253715","2347 S WABASH AVE","CHICAGO","IL","60616"
"15016299025239C","8522 S Lafayette Ave","Chicago","IL","60620"
"150162990253075","1100 S HAMILTON AVE","CHICAGO","IL","60612"
"150162990253804","1060 E 47Th St","Chicago","IL","60653"
"150162990253797","3222 W Roosevelt Rd","Chicago","IL","60624"
"150162990250842","145 S CAMPBELL AVE","CHICAGO","IL","60612"
"150162990253116","1310 S ASHLAND AVE","CHICAGO","IL","60608"
"150162990253743","3730 W BRYN MAWR AVE","CHICAGO","IL","60659"
"150162990253800","7500 N Harlem Ave","Chicago","IL","60631"
"150162990253794","3270 W 87TH ST","CHICAGO","IL","60652"
"150162990253784","4946 S PAULINA ST","CHICAGO","IL","60609"
"150162990253788","1135 N CLEAVER ST","CHICAGO","IL","60642"
"150162990253735","110 N PAULINA ST","CHICAGO","IL","60612"
"150162990253732","1321 S PAULINA ST","CHICAGO","IL","60608"
"150162990253765","7342 S HOYNE AVE","CHICAGO","IL","60636"
"150162990253762","7507 W BIRCHWOOD AVE","CHICAGO","IL","60631"
"150162990253787","3625 S HOYNE AVE","CHICAGO","IL","60609"
"150162990253753","4355 N LINDER AVE","CHICAGO","IL","60641"
"150162990253781","2554 W 113TH ST","CHICAGO","IL","60655"
"150162990253799","7847 S Jeffery Blvd","Chicago","IL","60649"
"150162990253600","2700 S CALIFORNIA AVE","CHICAGO","IL","60608"
